{"1":["res/configs/csvs/guideConfig.csv","res/configs/table/txts/test.txt","res/images/ico/15010131.png","res/images/ico/15010133.png","res/images/ui/mail/Layer.json","res/images/ui/playerInfo/Layer.json"],"3":["res/configs/table/txts/bannedWords.txt","res/data/city/ArmyData.json","res/data/map/CameraData.json","res/data/server/ServerData.json","res/fight/effect/build/buildCastle.plist","res/fight/effect/build/buildCastle.png","res/fight/effect/cloud/cloud_down01.png","res/fight/effect/cloud/cloud_up01.png","res/fight/ui/11010015.png","res/fight/ui/11010025.png","res/fight/ui/11010035.png","res/images/animation/ui/castle/castle_out_train.plist","res/images/animation/ui/castle/castle_out_train.png","res/images/ico/13010090.png","res/images/ico/13010091.png","res/images/ico/13010100.png","res/images/ico/13010101.png","res/images/ico/13010110.png","res/images/ico/13010111.png","res/images/ico/15010201.png","res/images/ico/15010203.png","res/images/ui/Block/BlockLevelupLayer.json","res/images/ui/HeadModule/HeadLayer.json","res/images/ui/HeadModule/PlaceLayer.json","res/images/ui/HeadModule/head_plist.plist","res/images/ui/HeadModule/head_plist.png","res/images/ui/PayModule/showbag.json","res/images/ui/StoreModule/storelayer.json","res/images/ui/TheWall/Wall_Particulars_Layer.json","res/images/ui/TheWall/Wall_Upgrade_Layer.json","res/images/ui/accelerate/Layer.json","res/images/ui/accelerate/accelerate_plist.plist","res/images/ui/accelerate/accelerate_plist.png","res/images/ui/castleUpgrade/Layer.json","res/images/ui/daibi/db_kg.png","res/images/ui/daibi/db_shurukuang.png","res/images/ui/login/1_1.PNG","res/images/ui/login/2_2.png","res/images/ui/login/loading.json","res/images/ui/login/login.json","res/images/ui/mainCitys/Layer.json","res/images/ui/new_public_plist.plist","res/images/ui/new_public_plist.png","res/images/ui/towerUpgrade/Layer.json","res/images/ui/training/unlockingLayer.json","res/images/ui/warehouseParticulars/Layer.json","res/images/ui/warehouseUpgrade/Layer.json"],"4":["res/images/ui/login/login_plist.png"],"6":["res/configs/table/server/castle_block.txt","res/images/ico/24000010.png","res/images/ico/24000020.png","res/images/ico/24000030.png","res/images/ico/24000040.png","res/images/ico/24000050.png","res/images/ico/24000060.png","res/shaders/sprite.vsh","res/shaders/spriteBG.fsh","res/shaders/spriteG.fsh","res/shaders/spriteO.fsh","res/shaders/spriteP.fsh","res/shaders/spriteR.fsh","res/shaders/spriteY.fsh","res/test/testColor.jpg"],"8":["res/images/ui/PayModule/PayLayer.json","res/images/ui/PayModule/pay_plist.plist","res/images/ui/PayModule/pay_plist.png","res/images/ui/taxRecord/Layer.json","res/images/ui/taxRecord/Plist.plist","res/images/ui/taxRecord/Plist.png","res/images/ui/taxRecord/taxRecord/Plist.plist","res/images/ui/taxRecord/taxRecord/Plist.png"],"12":["res/configs/table/GameVersion.txt"],"13":["res/configs/csvs/animationConfig.csv","res/configs/csvs/sounds.csv","res/configs/csvs/ui_city.csv","res/configs/fight/arm_display.csv","res/configs/fight/arm_interval.csv","res/configs/fight/clickMenu.csv","res/configs/fight/rolerAction.csv","res/configs/jsons/server.json","res/configs/table/server/Arm.txt","res/configs/table/server/City_Camp_Barracks.txt","res/configs/table/server/City_Camp_horse.txt","res/configs/table/server/City_Camp_instrument.txt","res/configs/table/server/City_Camp_target.txt","res/configs/table/server/City_College.txt","res/configs/table/server/City_Flied.txt","res/configs/table/server/City_House.txt","res/configs/table/server/City_Storage.txt","res/configs/table/server/City_Tower.txt","res/configs/table/server/City_Wall.txt","res/configs/table/server/TableList.json","res/configs/table/server/attribute.txt","res/configs/table/server/castle_buildingxy.txt","res/configs/table/server/event_circle.txt","res/configs/table/server/event_fresh.txt","res/configs/table/server/event_monster.txt","res/configs/table/server/event_resource.txt","res/configs/table/server/initial_material.txt","res/configs/table/server/item.txt","res/configs/table/server/item_trading.txt","res/configs/table/server/monster.txt","res/configs/table/server/monster_activity.txt","res/configs/table/server/monster_reward.txt","res/configs/table/server/task.txt","res/configs/table/server/task_everyday.txt","res/configs/table/server/vip.txt","res/data/MainData.json","res/data/bag/ItemData.json","res/data/city/ArmyTrainData.json","res/data/city/CastleData.json","res/data/log/BattleLog.json","res/data/log/LogData.json","res/data/map/AttackData.json","res/data/map/Attribute.json","res/data/map/MapData.json","res/data/map/MapFightResourceData.json","res/data/map/MapResourceData.json","res/data/map/RolerPath.json","res/data/map/WeaponData.json","res/data/player/EnemyData.json","res/data/player/FavorityData.json","res/data/player/PlayerData.json","res/data/smallmap/SmallCastleData.json","res/data/smallmap/SmallmapData.json","res/data/system/SystemData.json","res/data/task/TaskData.json","res/data/task/TaskInfoData.json","res/data/ui/MapUI.json","res/data/ui/UIData.json","res/data/utils/PointData.json","res/fight/effect/path/pathEnd.plist","res/fight/effect/path/pathEnd.png","res/fight/effect/resource/resource.plist","res/fight/effect/resource/resource.png","res/fight/rolers/1201001_1.plist","res/fight/rolers/1201001_1.png","res/fight/rolers/1201002.plist","res/fight/rolers/1201002.png","res/fight/rolers/1202001_1.plist","res/fight/rolers/1202001_1.png","res/fight/rolers/1202001_2.plist","res/fight/rolers/1202001_2.png","res/fight/rolers/1202002_1.plist","res/fight/rolers/1202002_1.png","res/fight/rolers/1202002_2.plist","res/fight/rolers/1202002_2.png","res/fight/rolers/1203001_1.plist","res/fight/rolers/1203001_1.png","res/fight/rolers/1203002_1.plist","res/fight/rolers/1203002_1.png","res/fight/rolers/1203002_2.plist","res/fight/rolers/1203002_2.png","res/fight/rolers/1204001_1.plist","res/fight/rolers/1204001_1.png","res/fight/rolers/1204001_2.plist","res/fight/rolers/1204001_2.png","res/fight/rolers/1204001_3.plist","res/fight/rolers/1204001_3.png","res/fight/ui/collectionArrow.png","res/fight/ui/collectionIcon.png","res/fight/ui/fightResource.plist","res/fight/ui/fightResource.png","res/fight/ui/head/1.png","res/fight/ui/head/10-1.png","res/fight/ui/head/10.png","res/fight/ui/head/12010017.png","res/fight/ui/head/12010027.png","res/fight/ui/head/12020017.png","res/fight/ui/head/12020027.png","res/fight/ui/head/12030017.png","res/fight/ui/head/12030027.png","res/fight/ui/head/12040012.png","res/fight/ui/head/12040017.png","res/fight/ui/head/1902001.png","res/fight/ui/head/1902002.png","res/fight/ui/head/1902003.png","res/fight/ui/head/1902004.png","res/fight/ui/head/2.png","res/fight/ui/head/3.png","res/fight/ui/head/4.png","res/fight/ui/head/5.png","res/fight/ui/head/6.png","res/fight/ui/head/7.png","res/fight/ui/head/8-1.png","res/fight/ui/head/8.png","res/fight/ui/head/9.png","res/fight/ui/head/bloodbg.png","res/fight/ui/head/boss.png","res/fight/ui/head/bossBlood.png","res/fight/ui/head/enemyBlood.png","res/fight/ui/head/monster.png","res/fight/ui/head/monsterBlood.png","res/fight/ui/head/myBlood.png","res/fight/ui/head/selected.png","res/fight/ui/nothing.png","res/fight/ui/path/path1.png","res/fight/ui/path/path2.png","res/fight/ui/resourceBg.png","res/fight/ui/resourceCountBg.png","res/fight/ui/selectEarth.png","res/fight/ui/selectionMode.png","res/fight/ui/weapon/arrow.png","res/images/animation/ui/castle/castle_armytrain_getLight.plist","res/images/animation/ui/castle/castle_armytrain_getLight.png","res/images/animation/ui/castle/castle_armytrain_getOneLight.plist","res/images/animation/ui/castle/castle_armytrain_getOneLight.png","res/images/animation/ui/castle/castle_armytrain_icon.plist","res/images/animation/ui/castle/castle_armytrain_icon.png","res/images/animation/ui/castle/castle_armytrain_light.plist","res/images/animation/ui/castle/castle_armytrain_light.png","res/images/animation/ui/castle/castle_armytrain_star.plist","res/images/animation/ui/castle/castle_armytrain_star.png","res/images/animation/ui/castle/castle_battle_hammer.plist","res/images/animation/ui/castle/castle_battle_hammer.png","res/images/animation/ui/castle/castle_guard_move_down.plist","res/images/animation/ui/castle/castle_guard_move_down.png","res/images/animation/ui/castle/castle_guard_move_up.plist","res/images/animation/ui/castle/castle_guard_move_up.png","res/images/animation/ui/castle/castle_guard_stand.plist","res/images/animation/ui/castle/castle_guard_stand.png","res/images/animation/ui/castle/castle_royalguard_move_leftdown.plist","res/images/animation/ui/castle/castle_royalguard_move_leftdown.png","res/images/animation/ui/castle/castle_royalguard_move_leftup.plist","res/images/animation/ui/castle/castle_royalguard_move_leftup.png","res/images/animation/ui/castle/castle_royalguard_move_rightdown.plist","res/images/animation/ui/castle/castle_royalguard_move_rightdown.png","res/images/animation/ui/castle/castle_royalguard_move_rightup.plist","res/images/animation/ui/castle/castle_royalguard_move_rightup.png","res/images/animation/ui/castle/castle_soldier_patrol_move_leftdown.plist","res/images/animation/ui/castle/castle_soldier_patrol_move_leftdown.png","res/images/animation/ui/castle/castle_soldier_patrol_move_leftup.plist","res/images/animation/ui/castle/castle_soldier_patrol_move_leftup.png","res/images/animation/ui/castle/castle_soldier_patrol_move_rightdown.plist","res/images/animation/ui/castle/castle_soldier_patrol_move_rightdown.png","res/images/animation/ui/castle/castle_soldier_patrol_move_rightup.plist","res/images/animation/ui/castle/castle_soldier_patrol_move_rightup.png","res/images/animation/ui/train/train_lock1.plist","res/images/animation/ui/train/train_lock1.png","res/images/animation/ui/train/train_lock2.plist","res/images/animation/ui/train/train_lock2.png","res/images/ico/11010010.png","res/images/ico/11010020.png","res/images/ico/11010030.png","res/images/ico/11010040.png","res/images/ico/11012010.png","res/images/ico/11012020.png","res/images/ico/11012030.png","res/images/ico/11020010.png","res/images/ico/11020020.png","res/images/ico/11020030.png","res/images/ico/11020040.png","res/images/ico/11030010.png","res/images/ico/11030040.png","res/images/ico/12010010.png","res/images/ico/12010012.png","res/images/ico/12010018.png","res/images/ico/12010020.png","res/images/ico/12010022.png","res/images/ico/12010028.png","res/images/ico/12011014.png","res/images/ico/12011024.png","res/images/ico/12011034.png","res/images/ico/12011044.png","res/images/ico/12011054.png","res/images/ico/12011064.png","res/images/ico/12011074.png","res/images/ico/12011084.png","res/images/ico/12011094.png","res/images/ico/12011104.png","res/images/ico/12012014.png","res/images/ico/12012024.png","res/images/ico/12012034.png","res/images/ico/12012044.png","res/images/ico/12012054.png","res/images/ico/12012064.png","res/images/ico/12012074.png","res/images/ico/12012084.png","res/images/ico/12012094.png","res/images/ico/12012104.png","res/images/ico/12020010.png","res/images/ico/12020012.png","res/images/ico/12020018.png","res/images/ico/12020020.png","res/images/ico/12020022.png","res/images/ico/12020028.png","res/images/ico/12021014.png","res/images/ico/12021024.png","res/images/ico/12021034.png","res/images/ico/12021044.png","res/images/ico/12021054.png","res/images/ico/12021064.png","res/images/ico/12021074.png","res/images/ico/12021084.png","res/images/ico/12021094.png","res/images/ico/12021104.png","res/images/ico/12022014.png","res/images/ico/12022024.png","res/images/ico/12022034.png","res/images/ico/12022044.png","res/images/ico/12022054.png","res/images/ico/12022064.png","res/images/ico/12022074.png","res/images/ico/12022084.png","res/images/ico/12022094.png","res/images/ico/12022104.png","res/images/ico/12030010.png","res/images/ico/12030012.png","res/images/ico/12030018.png","res/images/ico/12030020.png","res/images/ico/12030022.png","res/images/ico/12030028.png","res/images/ico/12031014.png","res/images/ico/12031024.png","res/images/ico/12031034.png","res/images/ico/12031044.png","res/images/ico/12031054.png","res/images/ico/12031064.png","res/images/ico/12031074.png","res/images/ico/12031084.png","res/images/ico/12031094.png","res/images/ico/12031104.png","res/images/ico/12032014.png","res/images/ico/12032024.png","res/images/ico/12032034.png","res/images/ico/12032044.png","res/images/ico/12032054.png","res/images/ico/12032064.png","res/images/ico/12032074.png","res/images/ico/12032084.png","res/images/ico/12032094.png","res/images/ico/12032104.png","res/images/ico/12040010.png","res/images/ico/12040012.png","res/images/ico/12040018.png","res/images/ico/12041014.png","res/images/ico/12041024.png","res/images/ico/12041034.png","res/images/ico/12041044.png","res/images/ico/12041054.png","res/images/ico/12041064.png","res/images/ico/12041074.png","res/images/ico/12041084.png","res/images/ico/12041094.png","res/images/ico/12041104.png","res/images/ico/120700120.png","res/images/ico/13020010.png","res/images/ico/13020011.png","res/images/ico/13020020.png","res/images/ico/13020021.png","res/images/ico/13020030.png","res/images/ico/13020031.png","res/images/ico/13020040.png","res/images/ico/13020041.png","res/images/ico/13020050.png","res/images/ico/13020051.png","res/images/ico/13020060.png","res/images/ico/13020061.png","res/images/ico/13020070.png","res/images/ico/13020071.png","res/images/ico/13020080.png","res/images/ico/13020081.png","res/images/ico/13020090.png","res/images/ico/13020091.png","res/images/ico/13020100.png","res/images/ico/13020101.png","res/images/ico/13020110.png","res/images/ico/13020111.png","res/images/ico/13020120.png","res/images/ico/13020121.png","res/images/ico/13020130.png","res/images/ico/13020131.png","res/images/ico/13020140.png","res/images/ico/13020141.png","res/images/ico/15010011.png","res/images/ico/15010013.png","res/images/ico/15010021.png","res/images/ico/15010023.png","res/images/ico/15010031.png","res/images/ico/15010033.png","res/images/ico/15010071.png","res/images/ico/15010073.png","res/images/ico/15010081.png","res/images/ico/15010083.png","res/images/ico/15010091.png","res/images/ico/15010093.png","res/images/ico/15010101.png","res/images/ico/15010103.png","res/images/ico/15010111.png","res/images/ico/15010113.png","res/images/ico/15010121.png","res/images/ico/15010123.png","res/images/ico/15010141.png","res/images/ico/15010143.png","res/images/ico/15010151.png","res/images/ico/15010153.png","res/images/ico/15010161.png","res/images/ico/15010163.png","res/images/ico/15010171.png","res/images/ico/15010173.png","res/images/ico/15010181.png","res/images/ico/15010183.png","res/images/ico/15010191.png","res/images/ico/15010193.png","res/images/ico/15010211.png","res/images/ico/15010213.png","res/images/ico/15010221.png","res/images/ico/15010223.png","res/images/ico/15010231.png","res/images/ico/15010233.png","res/images/ico/15010241.png","res/images/ico/15010243.png","res/images/ico/15010251.png","res/images/ico/15010253.png","res/images/ico/15010261.png","res/images/ico/15010263.png","res/images/ico/15010271.png","res/images/ico/15010273.png","res/images/ico/15020011.png","res/images/ico/15020013.png","res/images/ico/15030011.png","res/images/ico/15030013.png","res/images/ico/15030021.png","res/images/ico/15030023.png","res/images/ico/15030031.png","res/images/ico/15030033.png","res/images/ico/15040011.png","res/images/ico/15040013.png","res/images/ico/15050011.png","res/images/ico/15050013.png","res/images/ico/19040014.png","res/images/ico/22050010.png","res/images/ico/22060010.png","res/images/ico/22070010.png","res/images/ico/22080010.png","res/images/ico/23000010.png","res/images/ico/23000020.png","res/images/ico/23000030.png","res/images/ico/23000040.png","res/images/ico/23000050.png","res/images/ico/23000060.png","res/images/ico/23000070.png","res/images/ico/23000080.png","res/images/ico/23000090.png","res/images/ico/23000100.png","res/images/ico/23000110.png","res/images/ico/23000120.png","res/images/ico/23000130.png","res/images/ico/23000140.png","res/images/ico/23000150.png","res/images/ico/23000160.png","res/images/ico/23000170.png","res/images/ico/23000180.png","res/images/ico/23000190.png","res/images/ico/renwu_1.png","res/images/ico/renwu_2.png","res/images/ico/renwu_3.png","res/images/ico/renwu_4.png","res/images/ico/renwu_5.png","res/images/ico/renwu_6.png","res/images/ui/BagModule/Layer.json","res/images/ui/BagModule/bag_plist.plist","res/images/ui/BagModule/bag_plist.png","res/images/ui/BattleUIModule/BattleLogLayer.json","res/images/ui/BattleUIModule/Layer.json","res/images/ui/BattleUIModule/battleUI_plist.plist","res/images/ui/BattleUIModule/battleUI_plist.png","res/images/ui/BattleUIModule/item.json","res/images/ui/Block/BlockInfoLayer.json","res/images/ui/College/College_Skill_LevelUp.json","res/images/ui/CorpsAssembled/Layer.json","res/images/ui/CorpsAssembled/addLayer.json","res/images/ui/CorpsAssembled/assembled_plist.plist","res/images/ui/CorpsAssembled/assembled_plist.png","res/images/ui/HeadModule/CostLayer.json","res/images/ui/TileMenuModule/MenuLayer.json","res/images/ui/castleInfo/ArmyInfo.json","res/images/ui/castleInfo/MonsterInfo.json","res/images/ui/citadelResource/Layer.json","res/images/ui/citadelResource/citadelResource_plist.plist","res/images/ui/citadelResource/citadelResource_plist.png","res/images/ui/collect/Layer.json","res/images/ui/collect/Layer1.json","res/images/ui/collect/scj_biaojizuobiao.png","res/images/ui/collect/tjscj_zuobiao.png","res/images/ui/daibi/Layer.json","res/images/ui/mainMenuModule/Layer.json","res/images/ui/mainResourcesModule/main_menu_plist.plist","res/images/ui/mainResourcesModule/main_menu_plist.png","res/images/ui/smallmap/Layer.json","res/images/ui/smallmap/scale/map_0_0.png","res/images/ui/smallmap/scale/map_0_1.png","res/images/ui/smallmap/scale/map_10_12.png","res/images/ui/smallmap/scale/map_10_9.png","res/images/ui/smallmap/scale/map_11_12.png","res/images/ui/smallmap/scale/map_11_7.png","res/images/ui/smallmap/scale/map_11_8.png","res/images/ui/smallmap/scale/map_12_12.png","res/images/ui/smallmap/scale/map_12_7.png","res/images/ui/smallmap/scale/map_12_8.png","res/images/ui/smallmap/scale/map_13_15.png","res/images/ui/smallmap/scale/map_14_3.png","res/images/ui/smallmap/scale/map_14_4.png","res/images/ui/smallmap/scale/map_15_15.png","res/images/ui/smallmap/scale/map_15_4.png","res/images/ui/smallmap/scale/map_15_5.png","res/images/ui/smallmap/scale/map_3_4.png","res/images/ui/smallmap/scale/map_3_5.png","res/images/ui/smallmap/scale/map_4_15.png","res/images/ui/smallmap/scale/map_4_5.png","res/images/ui/smallmap/scale/map_5_3.png","res/images/ui/smallmap/scale/map_6_7.png","res/images/ui/smallmap/scale/map_6_8.png","res/images/ui/smallmap/scale/map_7_6.png","res/images/ui/smallmap/scale/map_8_6.png","res/images/ui/smallmap/searchLayer.json","res/images/ui/smallmap/smallmap_plist.plist","res/images/ui/smallmap/smallmap_plist.png","res/images/ui/task/Layer.json","res/images/ui/task/task_plist.plist","res/images/ui/task/task_plist.png","res/images/ui/training/trainingLayer.json","res/images/ui/training/training_plist.plist","res/images/ui/training/training_plist.png","res/model/ModelAPI.json","res/net/NetData.json","res/shaders/spriteBlack.fsh","res/shaders/spriteSource.fsh","res/sounds/1201001_attack.mp3","res/sounds/1201001_attacked.mp3","res/sounds/1201001_die.mp3","res/sounds/1201001_move.mp3","res/sounds/1201002_attack.mp3","res/sounds/1201002_attacked.mp3","res/sounds/1201002_die.mp3","res/sounds/1201002_move.mp3","res/sounds/1202001_attack.mp3","res/sounds/1202001_attacked.mp3","res/sounds/1202001_die.mp3","res/sounds/1202001_move.mp3","res/sounds/1202002_attack.mp3","res/sounds/1202002_attacked.mp3","res/sounds/1202002_die.mp3","res/sounds/1202002_move.mp3","res/sounds/1203001_attack.mp3","res/sounds/1203001_attacked.mp3","res/sounds/1203001_die.mp3","res/sounds/1203001_move.mp3","res/sounds/1203002_attack.mp3","res/sounds/1203002_attacked.mp3","res/sounds/1203002_die.mp3","res/sounds/1204001_attack.mp3","res/sounds/1204001_attacked.mp3","res/sounds/1204001_die.mp3","res/sounds/1204001_move.mp3","res/sounds/battle_alert.mp3","res/sounds/city_activity.mp3","res/sounds/city_camp_barracks.mp3","res/sounds/city_camp_horse.mp3","res/sounds/city_camp_instrument.mp3","res/sounds/city_house.mp3","res/sounds/effects_build.mp3","res/sounds/effects_build1.mp3","res/sounds/effects_build2.mp3","res/sounds/env_bell.mp3","res/sounds/env_big_waterfall.mp3","res/sounds/env_boiler.mp3","res/sounds/env_small_waterfall1.mp3","res/sounds/env_small_waterfall2.mp3","res/sounds/ui_instruction_enter.mp3","res/sounds/ui_instruction_out.mp3","res/sounds/ui_soldier.mp3"],"14":["res/data/map/MapRolerData.json","res/fight/ui/{9195A141-5423-4E31-9EEA-C10082750B6B}.png","res/sounds/1203002_move.mp3","res/sounds/city_camp_target.mp3"],"15":["res/configs/csvs/CN.csv","res/configs/table/server/City_Castel.txt","res/configs/table/server/City_College_tech.txt","res/configs/table/server/Public.txt","res/data/map/MapCastleData.json","res/data/map/MapEarthData.json","res/fight/build/zhuchengbao_01.png","res/fight/build/zhuchengbao_02.png","res/fight/build/zhuchengbao_03.png","res/fight/build/zhuchengbao_04.png","res/fight/build/zhuchengbao_05.png","res/fight/ui/11010016.png","res/fight/ui/11010026.png","res/fight/ui/11010036.png","res/fight/ui/test.png","res/images/ui/chatModule/Layer.json","res/images/ui/chatModule/chat_plist.plist","res/images/ui/chatModule/chat_plist.png","res/images/ui/mainResourcesModule/Layer.json"]}