{"70":["res/configs/table/server/task.txt"],"72":["res/data/map/MapFightResourceData.json","res/fight/ui/fightResource.plist","res/fight/ui/fightResource.png","res/images/ico/15010271.png","res/images/ico/15010273.png","res/shaders/spriteBlack.fsh"],"73":["res/configs/fight/arm_interval.csv"],"74":["res/images/ui/Block/BlockInfoLayer.json"],"75":["res/images/ui/TileMenuModule/MenuLayer.json","res/sounds/battle_alert.mp3","res/sounds/city_activity.mp3","res/sounds/city_camp_barracks.mp3","res/sounds/city_camp_horse.mp3","res/sounds/city_camp_instrument.mp3","res/sounds/city_camp_target.mp3","res/sounds/city_house.mp3","res/sounds/effects_build1.mp3","res/sounds/effects_build2.mp3","res/sounds/env_bell.mp3","res/sounds/env_big_waterfall.mp3","res/sounds/env_boiler.mp3","res/sounds/env_small_waterfall1.mp3","res/sounds/env_small_waterfall2.mp3","res/sounds/ui_instruction_enter.mp3","res/sounds/ui_instruction_out.mp3","res/sounds/ui_soldier.mp3"],"77":["res/data/player/FavorityData.json"],"78":["res/images/ico/12010012.png","res/images/ico/12010022.png","res/images/ico/12020012.png","res/images/ico/12020022.png","res/images/ico/12030012.png","res/images/ico/12030022.png","res/images/ico/12040012.png"],"79":["res/data/player/EnemyData.json","res/data/ui/UIData.json","res/shaders/spriteSource.fsh"],"80":["res/images/animation/ui/castle/castle_armytrain_getLight.plist","res/images/animation/ui/castle/castle_armytrain_getLight.png","res/images/animation/ui/castle/castle_armytrain_getOneLight.plist","res/images/animation/ui/castle/castle_armytrain_getOneLight.png"],"82":["res/configs/csvs/animationConfig.csv","res/configs/table/server/monster_activity.txt","res/images/animation/ui/castle/castle_armytrain_star.plist","res/images/animation/ui/castle/castle_armytrain_star.png","res/images/ico/15010161.png","res/images/ico/15010163.png","res/images/ico/15010171.png","res/images/ico/15010173.png","res/images/ui/BattleUIModule/Layer.json","res/images/ui/citadelResource/Layer.json","res/images/ui/citadelResource/citadelResource_plist.plist","res/images/ui/citadelResource/citadelResource_plist.png"],"83":["res/images/ui/mainResourcesModule/Layer.json","res/images/ui/mainResourcesModule/main_menu_plist.plist","res/images/ui/mainResourcesModule/main_menu_plist.png"],"85":["res/configs/table/server/event_fresh.txt","res/configs/table/server/event_monster.txt","res/configs/table/server/event_resource.txt","res/configs/table/server/item.txt","res/images/ui/castleInfo/MonsterInfo.json"],"86":["res/configs/fight/clickMenu.csv","res/data/map/MapRolerData.json","res/data/ui/MapUI.json","res/fight/ui/nothing.png","res/images/ui/BattleUIModule/battleUI_plist.plist","res/images/ui/BattleUIModule/battleUI_plist.png"],"87":["res/configs/table/server/attribute.txt","res/data/MainData.json","res/data/bag/ItemData.json","res/data/log/BattleLog.json","res/data/log/LogData.json","res/data/map/MapData.json","res/images/ui/BattleUIModule/BattleLogLayer.json","res/images/ui/castleInfo/ArmyInfo.json","res/images/ui/training/trainingLayer.json","res/net/NetData.json"],"88":["res/configs/csvs/sounds.csv","res/configs/table/server/City_College.txt","res/configs/table/server/City_College_tech.txt","res/configs/table/server/Public.txt","res/configs/table/server/event_circle.txt","res/data/map/RolerPath.json","res/data/smallmap/SmallmapData.json","res/fight/effect/path/pathEnd.plist","res/fight/effect/path/pathEnd.png","res/fight/effect/resource/resource.plist","res/fight/effect/resource/resource.png","res/fight/ui/path/path1.png","res/fight/ui/path/path2.png","res/images/ui/College/College_Skill_LevelUp.json","res/images/ui/smallmap/Layer.json","res/sounds/1201001_attack.mp3","res/sounds/1201001_attacked.mp3","res/sounds/1201001_die.mp3","res/sounds/1201001_move.mp3","res/sounds/1201002_attack.mp3","res/sounds/1201002_attacked.mp3","res/sounds/1201002_die.mp3","res/sounds/1201002_move.mp3","res/sounds/1202001_attack.mp3","res/sounds/1202001_attacked.mp3","res/sounds/1202001_die.mp3","res/sounds/1202001_move.mp3","res/sounds/1202002_attack.mp3","res/sounds/1202002_attacked.mp3","res/sounds/1202002_die.mp3","res/sounds/1202002_move.mp3","res/sounds/1203001_attack.mp3","res/sounds/1203001_attacked.mp3","res/sounds/1203001_die.mp3","res/sounds/1203001_move.mp3","res/sounds/1203002_attack.mp3","res/sounds/1203002_attacked.mp3","res/sounds/1203002_die.mp3","res/sounds/1204001_attack.mp3","res/sounds/1204001_attacked.mp3","res/sounds/1204001_die.mp3","res/sounds/1204001_move.mp3","res/sounds/effects_build.mp3"],"89":["res/configs/csvs/CN.csv","res/configs/table/server/Arm.txt","res/configs/table/server/TableList.json","res/configs/table/server/initial_material.txt","res/configs/table/server/monster.txt","res/configs/table/server/monster_reward.txt","res/fight/ui/resourceBg.png","res/fight/ui/resourceCountBg.png"]}